{
  "project_info": {
    "project_number": "1013368428020",
    "project_id": "project-2-smuctian",
    "storage_bucket": "project-2-smuctian.appspot.com"
  },
  "client": [
    {
      "client_info": {
        "mobilesdk_app_id": "1:1013368428020:android:2ca8ab9d0464ef2134d5a1",
        "android_client_info": {
          "package_name": "com.example.smuctian"
        }
      },
      "oauth_client": [
        {
          "client_id": "1013368428020-90akkhjiievli8i9aqd5t2qi1j7autu9.apps.googleusercontent.com",
          "client_type": 3
        }
      ],
      "api_key": [
        {
          "current_key": "AIzaSyAXBbDLRASzM8-VLSKPhT_VCBn1imfvgmg"
        }
      ],
      "services": {
        "appinvite_service": {
          "other_platform_oauth_client": [
            {
              "client_id": "1013368428020-90akkhjiievli8i9aqd5t2qi1j7autu9.apps.googleusercontent.com",
              "client_type": 3
            }
          ]
        }
      }
    }
  ],
  "configuration_version": "1"
}